crime,count,proportion
LARCENY,3942,0.23253893345917886
VIOLENCE,3423,0.20192307692307693
DRUGS,1724,0.10169891458235017
BURGLARY,689,0.040644171779141106
Total,16952,1.0
