crime,count,proportion
LARCENY,11831,0.35754004230885467
VIOLENCE,4778,0.14439407676035057
DRUGS,1436,0.04339679661529163
BURGLARY,824,0.024901783016016924
Total,33090,1.0
