term,mean_coefficient,std_coefficient,mean_p_value,min_p_value,n_significant_models,direction_consistency,effect_direction,importance_score
total_crime,0.058700322057225966,0.05944523787657563,1.9551350736155557e-10,1.2575188938487152e-111,12,1.0,positive,1.0
street_length_meters,-0.0025149928167537056,0.005090087682522142,0.011601989045585558,5.0088890099832035e-5,6,0.6666666666666666,positive,0.6666332740732668
